{
    "c": 0.020907704840242246,
    "r": 0.05410473269918159,
    "i": 0.07041887794436484,
    "m": 0.0252944508467293,
    "e": 0.11806528185819712,
    "a": 0.08364460693354045,
    "n": 0.07107838349903314,
    "d": 0.044248916239347666,
    "p": 0.015494933641562177,
    "u": 0.031213915337410626,
    "s": 0.06029305485500644,
    "h": 0.06349866547787152,
    "t": 0.09079116538308196,
    "o": 0.08109620393658176,
    "x": 0.001490206802098928,
    "l": 0.04052627164505273,
    "y": 0.02399497213186894,
    "v": 0.012578862042697814,
    "g": 0.020597484457384338,
    "j": 0.0008536805350497329,
    "f": 0.019211833413952335,
    "w": 0.023707731036630132,
    "k": 0.011017419448979663,
    "b": 0.01373242228117686,
    "q": 0.0008904473952403002,
    "z": 0.0012477753177173754
}